{"G-SCOP": [[45.19087596124514, 5.717486565975392], "46 Avenue Felix Viallet", "38000", "Grenoble"], "Payre Norbert": [[45.31132367189215, 5.546161873015417], "2089 route St Quentin", "38430", "Moirans"], "Vilmorin Jardin": [[45.64444387503803, 5.096509136179054], "65 rue Luzais", "38070", "Saint Quentin Fallavier"], "Petite Perriere": [[45.529630823265514, 5.632756521458269], "595 route Perri\u00e8res", "38480", "Pressins"], "Bergerie Lignare": [[45.05165420997515, 5.98771057715641], "La Pallud", "38520", "Ornon"]}